kolumna1;kolumna2;kolumna3;kolumna4;kolumna5;kolumna6;kolumna7;kolumna8;kolumna9;kolumna10;kolumna11;kolumna12;kolumna13;kolumna14;kolumna15;kolumna16(Class attr)
b;0,2711111111111111;0;u;g;w;v;0,043859649122807015;t;t;0,014925373134328358;f;g;0,101;0;+
a;0,713015873015873;0,15928571428571428;u;g;q;h;0,10666666666666667;t;t;0,08955223880597014;f;g;0,0215;0,0056;+
a;0,17063492063492064;0,017857142857142856;u;g;q;h;0,05263157894736842;t;f;0;f;g;0,14;0,00824;+
b;0,22349206349206346;0,055;u;g;w;v;0,13157894736842105;t;t;0,07462686567164178;t;g;0,05;3E-05;+
b;0,10190476190476193;0,20089285714285715;u;g;w;v;0,06;t;f;0;f;s;0,06;0;+
b;0,2909523809523809;0,14285714285714285;u;g;m;v;0,08771929824561403;t;f;0;t;g;0,18;0;+
b;0,3082539682539683;0,037142857142857144;u;g;r;h;0,22807017543859648;t;f;0;t;g;0,082;0,31285;+
a;0,14555555555555558;0,41375;u;g;cc;v;0,0014035087719298247;t;f;0;f;g;0,04;0,01349;+
b;0,6455555555555555;0,017857142857142856;y;p;k;h;0,13894736842105262;t;f;0;f;g;0,09;0,00314;+
b;0,45634920634920634;0,1755357142857143;y;p;w;v;0,11105263157894738;t;f;0;t;g;0,026;0,01442;+
b;0,13222222222222219;0,02964285714285714;u;g;c;h;0,07596491228070175;f;f;0;t;g;0,064;0;+
b;0,2566666666666667;0,06553571428571428;u;g;c;h;0,15210526315789474;t;f;0;f;g;0,13;0,002;+
a;0,3888888888888889;0,21428571428571427;u;g;k;v;0,03508771929824561;t;f;0;t;g;0;0;+
b;0,5449206349206349;0,21571428571428572;u;g;k;v;0,0014035087719298247;f;f;0;f;g;0;0,0269;+
a;0,5092063492063492;0,375;u;g;q;v;0,17543859649122806;t;t;0,1044776119402985;t;g;0;0;+
b;0,36380952380952386;0,15767857142857142;y;p;k;v;0,008771929824561403;t;t;0,14925373134328357;t;g;0,16;0;+
b;0,23015873015873015;0,03125;u;g;m;v;0,03368421052631579;t;t;0,04477611940298507;t;g;0,198;0;+
a;0,15079365079365079;0,20982142857142858;u;g;q;v;0,11122807017543859;t;t;0,14925373134328357;f;g;0,06;0,00245;+
b;0,12825396825396823;0,008928571428571428;u;g;d;h;0,023333333333333334;t;f;0;t;g;0;0;+
a;0,08603174603174606;0,3066071428571429;u;g;cc;h;0,02631578947368421;t;t;0,1044776119402985;f;g;0,048;0;+
b;0,17857142857142858;0,4017857142857143;u;g;c;v;0,08771929824561403;t;t;0,2537313432835821;f;g;0,1;0,01208;+
b;0,15079365079365079;0,03571428571428571;u;g;c;v;0,029298245614035087;t;f;0;f;s;0,15;0;+
a;0,5396825396825397;0,2857142857142857;u;g;c;v;0,27631578947368424;t;t;0,08955223880597014;t;g;0;0,0126;+
a;0,216984126984127;0,5178571428571429;u;g;x;h;0,10824561403508771;t;t;0,014925373134328358;f;g;0,06;0,00011;+
a;0,43523809523809526;0,23214285714285715;u;g;q;v;0,017543859649122806;t;t;0,04477611940298507;t;g;0,0725;0;+
a;0,03301587301587302;0,02089285714285714;u;g;c;h;0,05263157894736842;t;t;0,029850746268656716;f;g;0,05;0;+
a;0,5277777777777778;0,4642857142857143;u;g;i;bb;0,1812280701754386;t;t;0,13432835820895522;t;g;0;0;+
b;0,6798412698412698;0,6607142857142857;u;g;d;bb;0,5263157894736842;t;t;0,2537313432835821;t;g;0;0;+
b;0,6931746031746032;0,30357142857142855;u;g;e;h;0,24561403508771928;t;t;0,04477611940298507;f;g;0;0;+
b;0,44968253968253963;0,037142857142857144;u;g;w;v;0,17543859649122806;t;t;0,08955223880597014;t;g;0,25;0,1;+
b;0,24603174603174602;0,5282142857142856;u;g;aa;v;0,17684210526315788;t;t;0,07462686567164178;t;g;0,084;0;+
b;0,44841269841269843;0,3496428571428571;u;g;x;h;0,2792982456140351;t;t;0,11940298507462686;f;g;0;0;+
b;0,5674603174603174;0,27089285714285716;u;g;i;bb;0,26614035087719295;t;t;0,22388059701492538;t;g;0;0,05;+
a;0,36507936507936506;0,18303571428571427;u;g;e;v;0,17543859649122806;t;f;0;t;g;0;0,04;+
a;0,14015873015873012;0,38392857142857145;u;g;q;v;0,01456140350877193;t;t;0,07462686567164178;t;g;0;0,0056;+
b;0,22349206349206346;0,05357142857142857;u;g;w;v;0,07017543859649122;t;t;0,16417910447761194;t;g;0,217;0,00035;+
b;0,21428571428571427;0,056607142857142856;u;g;cc;h;0,0643859649122807;t;t;0,1791044776119403;t;g;0,2915;0,00713;+
a;0,14682539682539683;0,41964285714285715;u;g;x;h;0,017543859649122806;t;t;0,029850746268656716;t;g;0,15;0,00551;+
b;0,2222222222222222;0,02089285714285714;y;p;cc;v;0,008771929824561403;t;t;0,029850746268656716;f;g;0,13;0,005;+
b;0,6480952380952381;0,33625;u;g;ff;ff;0,5057894736842105;t;t;0,16417910447761194;t;g;0,015;0,003;+
b;0,32412698412698415;0,3275;u;g;c;v;0,15789473684210525;t;t;0,1791044776119403;t;g;0;0,00221;+
b;0,2407936507936508;0,5357142857142857;u;g;c;h;0,18719298245614036;t;t;0,16417910447761194;f;g;0;0,02283;+
b;0,2526984126984127;0,05053571428571429;u;g;w;h;0,02631578947368421;t;t;0,014925373134328358;f;g;0,12;0,001;+
b;0,41;0,4969642857142857;u;g;w;v;0,3026315789473684;t;t;0,08955223880597014;t;g;0,035;0;+
b;0,6773015873015873;1;y;p;c;v;1;t;t;0,5970149253731343;f;g;0;0,00015;+
b;0,6441269841269841;0,24107142857142858;u;g;c;h;0,09210526315789473;t;t;0,16417910447761194;t;g;0;0,00284;+
a;0,43253968253968256;0,07285714285714286;y;p;q;h;0,0043859649122807015;t;t;0,34328358208955223;t;g;0,2275;0,01236;+
b;0,28841269841269845;0,15928571428571428;u;g;cc;h;0,21192982456140352;t;t;0,04477611940298507;f;g;0,1555;0,003;+
b;0,44047619047619047;0,055;u;g;i;bb;0,12280701754385964;f;f;0;f;g;0,108;0;+
b;0,16142857142857145;0,02375;u;g;c;v;0,005789473684210527;f;f;0;f;g;0,05;0;+
a;0,19047619047619047;0,017857142857142856;u;g;c;h;0,03070175438596491;t;f;0;t;g;0,2455;0;+
b;0,19444444444444445;0,03571428571428571;u;g;q;v;0,06140350877192982;t;f;0;t;g;0,14;0;+
b;0,3757142857142857;0,07285714285714286;u;g;w;v;0,0014035087719298247;t;f;0;t;g;0,2;0,058;+
b;0,33603174603174607;0,08928571428571429;u;g;w;v;0;t;f;0;t;g;0,1195;0,002;+
b;0,3253968253968254;0,10714285714285714;u;g;cc;h;0,2601754385964912;t;f;0;t;g;0;0;+
b;0,15206349206349204;0,41517857142857145;y;p;w;v;0,029298245614035087;t;f;0;t;g;0,08;0,003;+
b;0,14952380952380956;0;u;g;cc;v;0,0029824561403508773;t;f;0;f;g;0;0;+
b;0,4853968253968254;0,017857142857142856;u;g;i;h;0,17543859649122806;t;f;0;t;g;0,16;0;+
b;0,34;0,16071428571428573;u;g;x;h;0,20175438596491227;f;f;0;t;s;0,3555;0;+
b;0,46825396825396826;0,10714285714285714;u;g;q;h;0,21052631578947367;t;t;0,16417910447761194;f;g;0,04;0;+
b;0,6825396825396826;0,4375;u;g;m;v;0,043859649122807015;t;t;0,05970149253731343;t;g;0,1;0;+
b;0,28444444444444444;0,5773214285714285;u;g;d;v;0,10526315789473684;t;t;0,13432835820895522;f;g;0,125;0,0073;+
a;0,1534920634920635;0,028214285714285716;y;p;q;v;0,05263157894736842;t;t;0,029850746268656716;t;g;0,04;0,004;+
a;0,1058730158730159;0,02982142857142857;u;g;q;v;0,055614035087719296;t;t;0,014925373134328358;f;g;0;0;+
b;0,2050793650793651;0,15178571428571427;u;g;cc;v;0,15052631578947367;t;t;0,014925373134328358;t;g;0,06;0;+
b;0,32412698412698415;0,055;u;g;cc;v;0,05403508771929825;t;t;0,014925373134328358;t;g;0,26;0,5;+
a;0,3531746031746032;0,03571428571428571;u;g;c;v;0,07017543859649122;t;t;0,16417910447761194;f;g;0;0,00456;+
b;0,1865079365079365;0,013392857142857142;u;g;m;v;0,008771929824561403;t;t;0,04477611940298507;f;g;0,13;0,15108;+
b;0,09000000000000002;0,23214285714285715;u;g;w;h;0,051228070175438595;t;t;0,1044776119402985;f;g;0,04;0,02954;+
b;0,34;0,8973214285714286;u;g;x;h;0,05701754385964912;t;t;0,014925373134328358;t;g;0,2575;0,005;+
b;0,2949206349206349;0,26785714285714285;u;g;e;bb;0,055614035087719296;t;f;0;t;s;0,21;0;-
a;0,3941269841269841;0,17857142857142858;u;g;cc;v;0,47368421052631576;t;f;0;t;g;0,49;0;-
b;0,48412698412698413;0,017857142857142856;u;g;m;v;0,37719298245614036;t;f;0;f;s;0,2;0;-
b;0,4933333333333333;0,25;y;p;c;v;0,05701754385964912;f;f;0;f;g;0,08;2E-05;-
b;0,10984126984126986;0,18892857142857142;u;g;q;v;0,013157894736842105;t;t;0,014925373134328358;f;g;0,08;0;-
b;0,32269841269841265;0,23214285714285715;u;g;aa;v;0,0043859649122807015;t;f;0;t;g;0,2215;0;-
a;0,08603174603174606;0,02089285714285714;y;p;aa;v;0,020526315789473684;t;f;0;t;g;0,08;0;-
b;0,12571428571428575;0,041607142857142856;y;p;k;v;0,08771929824561403;t;t;0,014925373134328358;f;g;0,09;0,0002;-
b;0,12301587301587301;0,3482142857142857;u;g;c;v;0,008771929824561403;t;f;0;f;g;0,07;0;-
b;0,5687301587301588;0,6785714285714286;u;g;ff;ff;0;t;t;0,014925373134328358;f;g;0,047;0;-
a;0,22095238095238098;0,05357142857142857;u;g;m;v;0,07017543859649122;t;f;0;f;s;0,184;0;-
b;0,41396825396825393;0,017857142857142856;u;g;m;v;0,008771929824561403;t;f;0;f;s;0,144;0;-
b;0,21428571428571427;0,022321428571428572;u;g;aa;v;0,015964912280701755;t;f;0;t;g;0,1;0;-
b;0,37174603174603177;0,14285714285714285;u;g;c;bb;0,17543859649122806;t;f;0;t;s;0,14;0;-
b;0,18920634920634924;0,07892857142857143;y;p;aa;v;0,14035087719298245;t;f;0;f;g;0,094;0;-
b;0,32142857142857145;0,16071428571428573;u;g;aa;v;0,03508771929824561;t;f;0;t;g;0,12;0;-
a;0,5595238095238095;0,05357142857142857;u;g;j;j;0;t;f;0;t;g;0,05;0,00027;-
b;0,7738095238095238;0,45535714285714285;y;p;c;h;0,17543859649122806;t;f;0;f;g;0,056;0;-
b;0,2804761904761905;0,5535714285714286;u;g;c;v;0,017543859649122806;t;f;0;f;g;0,06;0;-
b;0,6123809523809524;0,049107142857142856;y;p;c;h;0,3319298245614035;t;f;0;t;g;0,1;0,001;-
b;0,23809523809523808;0,05357142857142857;y;p;c;v;0,05263157894736842;t;f;0;t;g;0;0,00225;-
a;0,23539682539682538;0,12642857142857142;u;g;i;bb;0,017543859649122806;t;f;0;t;g;0,0855;0;-
b;0,14682539682539683;0,022321428571428572;y;p;aa;v;0,0043859649122807015;t;f;0;f;g;0,09;1E-05;-
a;0,1388888888888889;0,39285714285714285;y;p;q;v;0,10526315789473684;t;f;0;t;g;0,134;0;-
a;0,23412698412698413;0,03571428571428571;u;g;q;v;0,03508771929824561;t;t;0,029850746268656716;t;g;0,0835;0,005;-
b;0,376984126984127;0,0625;y;p;c;bb;0,008771929824561403;t;f;0;t;g;0,082;0,004;-
b;0,3412698412698413;0,5892857142857143;y;p;c;v;0,14035087719298245;t;f;0;f;g;0,04;0;-
b;0,07809523809523812;0,17857142857142858;u;g;q;v;0,013157894736842105;t;t;0,029850746268656716;f;g;0;0,00038;-
b;0,17857142857142858;0,42857142857142855;u;g;k;v;0,07894736842105263;t;t;0,029850746268656716;t;g;0,06;5E-05;-
b;0,22349206349206346;0,14285714285714285;y;p;i;h;0,20175438596491227;t;t;0,029850746268656716;t;g;0,0375;0;-
b;0,652063492063492;0,5535714285714286;u;g;e;z;0;t;t;0,29850746268656714;f;g;0,076;0,0013;-
b;0,23809523809523808;0,041607142857142856;u;g;k;v;0,017543859649122806;t;f;0;f;s;0,14;0;-
a;0,17857142857142858;0,39285714285714285;y;p;aa;v;0,15789473684210525;t;f;0;f;g;0,06;0;-
b;0,4312698412698413;0,08035714285714286;y;p;x;h;0,3508771929824561;t;f;0;t;g;0,088;0;-
a;0,09523809523809523;0,026785714285714284;u;g;c;v;0,027894736842105264;t;t;0,07462686567164178;t;g;0,07;5E-05;-
b;0,2447619047619048;0,125;u;g;w;v;0,12280701754385964;t;t;0,04477611940298507;t;g;0,1645;0;-
a;0,17063492063492064;0,037142857142857144;y;p;ff;ff;0,017543859649122806;t;t;0,04477611940298507;f;g;0,09;0,00147;-
b;0,17190476190476187;0,44642857142857145;u;g;w;v;0,03070175438596491;t;f;0;t;g;0,13;0;-
a;0,31746031746031744;0,026785714285714284;u;g;k;bb;0,03508771929824561;t;t;0,04477611940298507;t;g;0,106;0;-
b;0,10984126984126986;0,044642857142857144;y;p;c;h;0,04824561403508772;t;t;0,04477611940298507;t;g;0,07;0,0021;-
a;0,18523809523809526;0,04017857142857143;u;g;q;v;0,045263157894736845;t;t;0,029850746268656716;f;g;0,1;0;-
b;0,38095238095238093;0,25;u;g;q;h;0,40350877192982454;t;t;0,1044776119402985;t;g;0,15;5E-05;-
b;0,6150793650793651;0,23214285714285715;u;g;k;v;0,22070175438596493;t;t;0,22388059701492538;f;g;0;0,11202;+
b;0,6996825396825397;0,25142857142857145;u;g;m;v;0,49122807017543857;t;t;0,08955223880597014;t;g;0,18;0,01332;+
a;0,1111111111111111;0,3691071428571429;u;g;cc;h;0,011754385964912281;t;t;0,014925373134328358;t;g;0,04;0,0005;+
b;0,41539682539682543;0,22178571428571428;u;g;q;v;0,0014035087719298247;t;t;0,014925373134328358;f;g;0,1;0,003;+
b;0,18920634920634924;0,44642857142857145;u;g;cc;v;0,04245614035087719;t;t;1;t;g;0,07;0,00258;+
a;0,1746031746031746;0,44642857142857145;u;g;aa;v;0,05263157894736842;t;t;0,1791044776119403;t;g;0,06;0,00567;+
a;0,4828571428571429;0,2380357142857143;u;g;q;v;0,25877192982456143;t;t;0,04477611940298507;t;g;0;0;+
a;0,15476190476190477;0,32142857142857145;u;g;q;v;0,2982456140350877;t;t;0,07462686567164178;t;g;0,06;0;+
b;0,33603174603174607;0,17857142857142858;u;g;x;h;0,2631578947368421;t;t;0,08955223880597014;t;g;0;0,01;+
b;0,5384126984126985;0,08928571428571429;u;g;m;bb;0,08771929824561403;t;t;0,1791044776119403;t;g;0,205;0,0251;+
b;0,14285714285714285;0,39285714285714285;u;g;q;v;0,08771929824561403;t;t;0,1044776119402985;t;g;0,05;0,00809;+
b;0,3280952380952381;0,15178571428571427;u;g;i;bb;0,11403508771929824;t;t;0,029850746268656716;f;g;0,137;0,0061;+
a;0,23285714285714287;0,125;u;g;w;v;0,029298245614035087;t;f;0;f;s;0,14;0;+
b;0,8571428571428571;0,19642857142857142;u;g;e;z;0,45614035087719296;t;t;0,014925373134328358;t;g;0;0;+
b;0,1058730158730159;0,06553571428571428;u;g;c;v;0,07894736842105263;t;t;0,014925373134328358;f;g;0,05;0,0015;+
a;0,5344444444444445;0,2857142857142857;u;g;e;bb;0,22807017543859648;t;t;0,08955223880597014;f;g;0,1875;0,511;+
b;0,35714285714285715;0,17857142857142858;u;g;c;bb;0,08771929824561403;t;t;0,08955223880597014;f;g;0;0,00367;+
b;0,30031746031746037;0,19642857142857142;u;g;q;h;0,19298245614035087;t;t;0,1791044776119403;t;g;0,204;0,01;+
b;0,5528571428571428;0,23214285714285715;u;g;q;h;0,21052631578947367;t;f;0;t;g;0,175;0;+
b;0,41539682539682543;0,019285714285714288;y;p;aa;v;0,017543859649122806;t;t;0,04477611940298507;f;g;0,1;0,01;+
b;0,31476190476190474;0,09821428571428571;u;g;m;v;0,14912280701754385;t;t;0,08955223880597014;f;g;0,102;0;+
a;0,0806349206349206;0,3392857142857143;u;g;w;v;0,05701754385964912;t;t;0,08955223880597014;t;g;0,02;0,006;+
a;0,20904761904761907;0,48214285714285715;u;g;q;h;0,17543859649122806;t;t;0,029850746268656716;f;g;0;0,05;+
a;0,2777777777777778;0,13392857142857142;u;g;cc;h;0,021929824561403508;t;t;0,13432835820895522;t;g;0,0905;0;+
a;0,6785714285714286;0,5714285714285714;u;g;j;ff;0;t;t;0,22388059701492538;f;g;0;0,00247;+
b;0,4642857142857143;0,010357142857142856;y;p;cc;h;0,06140350877192982;t;t;0,11940298507462686;f;g;0,05;0,00375;+
b;0,13619047619047617;0,39285714285714285;u;g;w;v;0,07017543859649122;t;t;0,014925373134328358;f;g;0,04;0,00278;+
b;0,21428571428571427;0,05946428571428571;u;g;cc;h;0,17842105263157895;t;t;0,13432835820895522;f;g;0,1995;0,00827;+
b;0,3028571428571428;0,08928571428571429;u;g;cc;h;0,09649122807017543;t;t;0,08955223880597014;f;g;0,08;0,02072;+
b;0,15079365079365079;0,05357142857142857;u;g;q;v;0,08333333333333333;t;t;0,04477611940298507;t;g;0;0,00582;+
a;0,4219047619047619;0,2692857142857143;y;p;q;h;0,2807017543859649;t;t;0,208955223880597;f;g;0;0,023;+
a;0,26587301587301587;0,23214285714285715;u;g;c;bb;0,14035087719298245;t;t;0,1044776119402985;t;g;0;0,03065;+
a;0,6203174603174603;0,5357142857142857;u;g;c;v;0,19298245614035087;t;t;0,208955223880597;f;g;0;0,022;+
a;0,5225396825396825;0,016428571428571428;u;g;cc;h;0,01456140350877193;t;t;0,16417910447761194;t;g;0,22;6E-05;+
a;0,7076190476190476;0,35714285714285715;u;g;q;v;0,14035087719298245;t;t;0,208955223880597;f;g;0;0,01602;+
b;0,3742857142857143;0,23214285714285715;u;g;m;h;0,14912280701754385;t;t;0,1791044776119403;t;g;0,0465;0;+
b;0,14809523809523806;0,08928571428571429;u;g;c;v;0,03807017543859649;t;t;0,16417910447761194;t;g;0,03;0,02184;+
b;0,30158730158730157;0,05357142857142857;u;g;cc;h;0,19298245614035087;t;t;0,04477611940298507;t;g;0;0;+
a;0,12571428571428575;0,4107142857142857;y;p;j;j;0;t;t;0,16417910447761194;t;g;0;0;+
a;0,23412698412698413;0,10857142857142857;y;p;x;h;0,08912280701754387;t;t;0,014925373134328358;f;g;0,035;0;+
a;0,8717460317460318;0,5357142857142857;u;g;e;z;0;t;t;0,208955223880597;f;g;0;0,03376;+
b;0,2261904761904762;0,07142857142857142;u;g;k;h;0,146140350877193;t;t;0,029850746268656716;t;g;0,0905;0;+
b;0,32269841269841265;0,002857142857142857;y;p;m;bb;0,0014035087719298247;t;t;0,014925373134328358;t;g;0,14;0,02;+
b;0,22095238095238098;0,07142857142857142;u;g;x;h;0,03508771929824561;t;t;0,05970149253731343;f;g;0,07;0,07544;+
b;0,4801587301587302;0,07142857142857142;u;g;m;v;0,06140350877192982;t;t;0,029850746268656716;t;g;0;0,00015;+
b;0,1798412698412698;0,06107142857142857;u;g;x;v;0,05842105263157895;t;t;0,014925373134328358;t;g;0,1975;0,0002;+
b;0,2896825396825397;0,0625;y;p;e;h;0,0014035087719298247;t;f;0;t;g;0,1965;0;+
a;0,7433333333333333;0,5892857142857143;u;g;q;v;0,38596491228070173;t;f;0;t;g;0,0105;0,10561;+
a;0,4298412698412698;0,35714285714285715;u;g;q;h;0,06140350877192982;t;f;0;f;g;0,0145;0,00837;+
b;0,08857142857142855;0,3392857142857143;u;g;q;v;0,03508771929824561;t;f;0;t;g;0,03;0,004;+
a;0,2949206349206349;0,019285714285714288;u;g;cc;v;0,0014035087719298247;t;f;0;f;g;0,22;0,11177;+
b;0,36380952380952386;0,11607142857142858;u;g;q;h;0,3157894736842105;t;f;0;t;g;0,051;0,00639;+
b;0,376984126984127;0,04017857142857143;y;p;d;v;0,05263157894736842;f;f;0;t;g;0,2155;0;+
a;0,1798412698412698;0,09071428571428572;y;p;aa;v;0,008771929824561403;t;f;0;t;g;0,185;0;+
b;0,43777777777777777;0;u;g;c;bb;0,5263157894736842;t;f;0;f;g;0;0;+
b;0,6706349206349206;0,44642857142857145;u;g;k;h;0,2807017543859649;t;f;0;t;g;0,012;0,02028;+
a;0,5726984126984127;0,48517857142857146;u;g;k;h;0,2982456140350877;t;f;0;t;g;0;0;+
b;0,14158730158730162;0,375;u;g;q;h;0,04684210526315789;t;f;0;f;g;0,05;0;+
b;0,21031746031746032;0,05357142857142857;y;p;w;v;0,013157894736842105;t;f;0;t;g;0,13;0,01065;+
b;0,17857142857142858;0,44642857142857145;u;g;aa;v;0,10526315789473684;t;f;0;t;s;0,01;0;+
a;0,19571428571428567;0,3094642857142857;u;g;aa;v;0,04964912280701755;t;f;0;f;g;0,08;0,0015;+
a;0,07412698412698415;0,33035714285714285;u;g;q;v;0,04245614035087719;t;t;0,05970149253731343;f;g;0,03;0,0054;+
b;0,10190476190476193;0,29178571428571426;u;g;aa;v;0,0687719298245614;t;t;0,208955223880597;f;g;0,03;0,00158;+
b;0,5384126984126985;0,010357142857142856;u;g;c;bb;0,5263157894736842;t;t;0,29850746268656714;f;g;0;0,15;+
a;0,11904761904761904;0,08339285714285714;u;g;i;bb;0,017543859649122806;t;t;0,05970149253731343;f;s;0,04;0;+
a;0,10984126984126986;0,10714285714285714;u;g;q;v;0,005789473684210527;t;t;0,04477611940298507;f;g;0,05;6E-05;+
a;0,6877777777777777;0,6964285714285714;u;g;c;v;0,19298245614035087;t;t;0,1044776119402985;f;g;0;0,03;+
a;0,13761904761904764;0,20232142857142857;u;g;q;v;0,09070175438596491;t;t;0,1044776119402985;f;g;0,0645;0,03257;+
b;0,5555555555555556;0,30357142857142855;u;g;c;h;0,43859649122807015;t;t;0,13432835820895522;f;g;0,0905;0,01655;+
b;0,4166666666666667;0,23214285714285715;u;g;aa;bb;0,12280701754385964;t;t;0,014925373134328358;f;g;0;0,005;+
b;0,42587301587301585;0,17857142857142858;u;g;c;v;0,17543859649122806;t;t;0,1044776119402985;f;g;0;0,03065;+
a;0,23682539682539686;0,037142857142857144;u;g;c;v;0,08771929824561403;t;t;0,07462686567164178;t;g;0,15;0,0143;+
a;0,3068253968253968;0,16517857142857142;u;g;q;h;0,05701754385964912;t;t;0,029850746268656716;f;g;0;0;+
b;0,1203174603174603;0,375;u;g;c;v;0,10526315789473684;t;f;0;t;g;0;0;+
b;0,44841269841269843;0,007321428571428571;u;g;i;h;0,17982456140350878;t;f;0;f;g;0,2;0;+
b;0,4444444444444444;0,03428571428571429;u;g;x;v;0,08771929824561403;t;f;0;f;g;0,255;0,006;+
b;0,14158730158730162;0,056607142857142856;y;p;w;v;0,10824561403508771;t;t;0,08955223880597014;f;g;0,04;0;+
b;0,32936507936507936;0,1442857142857143;y;p;i;bb;0,2982456140350877;t;t;0,1044776119402985;t;g;0,0975;0;+
b;0,23015873015873015;0,18;y;p;c;bb;0,05263157894736842;t;t;0,11940298507462686;t;g;0,072;7E-05;+
b;0,3082539682539683;0,11303571428571428;y;p;x;v;0,11105263157894738;t;t;0,04477611940298507;t;g;0,19;0;+
b;0,5463492063492064;0,27232142857142855;u;g;w;h;0,543859649122807;t;t;0,1791044776119403;f;g;0;0,0079;+
b;0,2195238095238095;0,07285714285714286;y;p;aa;v;0,07017543859649122;t;t;0,04477611940298507;t;g;0,185;0,0056;+
b;0,14015873015873012;0,35857142857142854;u;g;x;v;0,0014035087719298247;t;t;0,13432835820895522;f;g;0,03;0,00396;+
a;0,16396825396825393;0,017857142857142856;u;g;q;h;0,043859649122807015;t;t;0,014925373134328358;f;g;0;0,00678;+
a;0,43777777777777777;0,03571428571428571;u;g;i;bb;0,07894736842105263;t;f;0;t;g;0;0,003;+
a;0,1111111111111111;0,36607142857142855;u;g;q;v;0,024912280701754386;t;t;0,029850746268656716;t;g;0,0245;0;+
b;0,3584126984126984;0,07589285714285714;y;p;w;v;0,0029824561403508773;t;t;0,014925373134328358;f;g;0,025;0,01187;+
a;0,343968253968254;0,42857142857142855;u;g;q;h;0,49122807017543857;t;t;0,11940298507462686;f;g;0;0,0659;+
b;0,23682539682539686;0,33339285714285716;u;g;q;h;0,1987719298245614;t;t;0,08955223880597014;f;g;0,1905;0,00168;+
b;0,34;0,08928571428571429;u;g;k;v;0,15789473684210525;t;t;0,1044776119402985;f;g;0,075;0,0127;+
b;0,4087301587301587;0,15178571428571427;u;g;c;bb;0,22807017543859648;t;t;0,23880597014925373;f;g;0,0585;0,0121;+
b;0,406031746031746;0,20982142857142858;u;g;cc;h;0,3508771929824561;t;t;0,208955223880597;t;g;0,1995;0;+
b;0,1679365079365079;0,23660714285714285;y;p;d;v;0,19298245614035087;t;f;0;t;s;0,05;0;+
b;0,7353968253968254;0,5178571428571429;u;g;ff;ff;0,631578947368421;t;t;0,22388059701492538;t;g;0;0,01;+
b;0,14809523809523806;0,4107142857142857;u;g;i;v;0,12280701754385964;t;t;0,13432835820895522;f;g;0,028;0,00742;+
b;0,2050793650793651;0,09678571428571428;y;p;cc;v;0,18421052631578946;t;t;0,014925373134328358;f;g;0,1055;0;+
b;0,5463492063492064;0,125;u;g;aa;v;0,12280701754385964;t;f;0;f;s;0,115;0;+
b;0,43523809523809526;0,1442857142857143;u;g;cc;h;0,24561403508771928;t;t;0,11940298507462686;f;g;0,16;0;+
b;0,6693650793650794;0,4107142857142857;u;g;ff;ff;0,17543859649122806;t;t;0,07462686567164178;f;g;0;0,08851;+
b;0,6376190476190476;0,34375;u;g;e;v;0,3040350877192982;t;t;0,07462686567164178;f;g;0;0;+
a;0,08206349206349209;0,33035714285714285;y;p;c;v;0,03508771929824561;t;t;0,05970149253731343;t;g;0,04;0,005;+
a;0,5766666666666667;0,44785714285714284;u;g;aa;v;0,08035087719298245;t;t;0,04477611940298507;t;g;0,078;0;+
b;0,8201587301587302;0,39285714285714285;u;g;e;z;0,7017543859649122;t;t;0,1044776119402985;t;g;0,011;0;+
a;0,06079365079365077;0,32142857142857145;u;g;aa;v;0,04824561403508772;t;f;0;t;g;0;0;+
a;0,0806349206349206;0,3407142857142857;u;g;aa;v;0,0029824561403508773;t;f;0;f;g;0,05;0;+
a;0,38095238095238093;0,19642857142857142;u;g;q;v;0,0043859649122807015;t;f;0;t;g;0,114;0;+
b;0,15079365079365079;0,14285714285714285;u;g;c;bb;0,008771929824561403;t;f;0;t;g;0,08;0;+
b;0,0687301587301587;0,19642857142857142;u;g;k;v;0,017543859649122806;t;f;0;f;g;0,04;0;+
a;0,1388888888888889;0,30214285714285716;y;p;x;v;0,0863157894736842;f;f;0;f;g;0,082;0;+
b;0,09396825396825399;0,013392857142857142;u;g;q;v;0,07017543859649122;t;t;0,029850746268656716;t;g;0,04;0;+
b;0,13222222222222219;0,39285714285714285;u;g;cc;v;0,023333333333333334;t;f;0;f;g;0,05;0;+
b;0,1812698412698413;0,125;u;g;cc;v;0,021929824561403508;t;t;0,1044776119402985;f;g;0;0,07059;+
a;0,5344444444444445;0,10714285714285714;u;g;x;v;0,4868421052631579;t;t;0,029850746268656716;t;g;0,2595;0,01704;+
b;0,3134920634920635;0,0625;u;g;x;h;0,15789473684210525;t;t;0,05970149253731343;t;g;0,1265;0,00857;+
b;0,22095238095238098;0,49107142857142855;u;g;w;v;0,20175438596491227;t;f;0;t;g;0,2435;0,005;+
a;0,709047619047619;0,75;u;g;i;bb;0,3508771929824561;t;t;0,19402985074626866;f;g;0;0,067;+
a;0,10984126984126986;0,06553571428571428;u;g;q;v;0,0731578947368421;t;t;0,07462686567164178;f;g;0,11;0,02503;+
b;0,19714285714285718;0,008928571428571428;u;g;i;bb;0;t;f;0;t;g;0;0;+
b;0,1203174603174603;0,26785714285714285;u;g;aa;v;0,04964912280701755;t;t;0,014925373134328358;f;g;0,04;0,098;+
b;0,46158730158730155;0,16517857142857142;u;g;q;v;0,1607017543859649;t;f;0;f;s;0;0;+
b;0,38761904761904764;0,36160714285714285;u;g;x;v;0,08771929824561403;t;t;0,08955223880597014;f;g;0,26;0,00196;+
b;0,10714285714285714;0,35714285714285715;y;p;c;v;0,08771929824561403;t;f;0;f;s;0,02;0;+
b;0,5476190476190477;0,8958928571428572;u;g;w;v;0,06140350877192982;t;t;0,04477611940298507;f;g;0,06;0,00014;+
b;0,2314285714285714;0,17857142857142858;u;g;w;v;0,38596491228070173;t;f;0;t;g;0,035;0;+
b;0,07539682539682539;0,07142857142857142;u;g;i;v;0,05263157894736842;t;t;0,029850746268656716;f;g;0,06;0,003;+
b;0,3082539682539683;0,10857142857142857;y;p;c;h;0,07157894736842105;t;t;0,014925373134328358;t;g;0,09;0,18027;+
b;0,49603174603174605;0,30357142857142855;u;g;cc;h;0,49122807017543857;t;t;0,014925373134328358;t;g;0,044;0,02;+
a;0,09396825396825399;0,0075;u;g;q;h;0,010175438596491228;t;t;0,16417910447761194;f;g;0,04;0,00099;+
b;0,12825396825396823;0,39285714285714285;u;g;x;v;0,010175438596491228;t;t;0,08955223880597014;f;g;0,0605;0;+
b;0,42063492063492064;0,7678571428571429;u;g;e;z;0,7017543859649122;t;t;0,16417910447761194;f;g;0;0,012;+
b;0,4392063492063492;0,17857142857142858;u;g;q;h;0,17543859649122806;t;t;0,08955223880597014;t;g;0,235;0;+
a;0,06476190476190473;0,39285714285714285;u;g;x;h;0,03508771929824561;t;t;0,16417910447761194;f;g;0;0,03;+
b;0,14952380952380956;0,39732142857142855;u;g;x;h;0,016140350877192983;t;t;0,014925373134328358;f;g;0,05;0;+
b;0,07015873015873018;0,36607142857142855;u;g;c;h;0,03807017543859649;f;f;0;f;g;0,16;0,00013;-
b;0,0992063492063492;0,3944642857142857;u;g;c;v;0,07017543859649122;f;f;0;t;g;0,068;0;-
b;0,0992063492063492;0;u;g;d;v;0,017543859649122806;f;f;0;f;g;0,072;0;-
a;0,1111111111111111;0,3407142857142857;u;g;i;v;0,0014035087719298247;f;f;0;f;g;0,1;0,01;-
a;0,17063492063492064;0,0625;y;p;c;v;0,005789473684210527;f;f;0;f;g;0,066;0;-
b;0,30158730158730157;0,08339285714285714;u;g;d;h;0,20175438596491227;f;f;0;t;g;0,146;0;-
a;0,6098412698412699;0;y;p;ff;ff;0;f;f;0;f;g;0;0;-
a;0,5463492063492064;0,047678571428571424;u;g;i;o;0,011754385964912281;f;f;0;f;g;0;0,0012;-
a;0,1058730158730159;0,375;y;p;x;h;0;f;f;0;t;g;0,077;0,00032;-
b;0,5873015873015873;0,02089285714285714;u;g;ff;ff;0;f;f;0;f;g;0,0725;0;-
b;0,05285714285714283;0,003035714285714286;y;p;c;v;0,0014035087719298247;f;f;0;f;g;0,07;0,00722;-
b;0,07269841269841266;0,04321428571428571;y;p;e;dd;0;f;f;0;f;g;0,05;0;-
a;0,2896825396825397;0,21428571428571427;u;g;d;v;0,043859649122807015;f;f;0;f;g;0,136;0;-
b;0,7288888888888889;0,055;u;g;q;v;0,0043859649122807015;t;f;0;t;g;0,13;0;+
b;0,06746031746031746;0,005892857142857143;u;g;q;n;0,007368421052631579;f;f;0;f;g;0,1;0,0004;+
b;0,2949206349206349;0,08928571428571429;u;g;c;v;0,043859649122807015;f;f;0;t;g;0,14;0;-
b;0,0687301587301587;0,24107142857142858;y;p;m;v;0,0014035087719298247;f;f;0;f;g;0,07;0;-
b;0,3888888888888889;0,36160714285714285;y;p;k;v;0,0043859649122807015;f;f;0;f;g;0,08;0;-
b;0,26857142857142857;0,08928571428571429;u;g;cc;h;0,07894736842105263;f;f;0;t;s;0,17;0;-
b;0,07666666666666663;0,20392857142857143;u;g;d;v;0,018947368421052633;f;f;0;f;g;0,06;0;-
a;0,08603174603174606;0,19339285714285714;u;g;i;h;0,010175438596491228;f;f;0;f;g;0,04;0,00484;-
a;0,07015873015873018;0,35714285714285715;y;p;q;h;0,005789473684210527;f;f;0;f;g;0,17;0;-
b;0,03968253968253968;0,02982142857142857;u;g;m;v;0,0029824561403508773;t;f;0;f;s;0,1;0;-
b;0,1177777777777778;0,03125;y;p;c;h;0,008771929824561403;f;f;0;f;g;0,14;0,00204;-
b;0,16142857142857145;0,02089285714285714;y;p;cc;h;0,0043859649122807015;f;f;0;f;g;0,12;1E-05;-
b;0,06222222222222225;0,15928571428571428;u;g;c;v;0,008771929824561403;f;f;0;f;s;0,04;0;-
a;0,04365079365079365;0,044642857142857144;u;g;q;v;0,008771929824561403;f;t;0,014925373134328358;f;g;0,054;0,00098;-
b;0,15079365079365079;0,45089285714285715;u;g;c;v;0,0043859649122807015;f;t;0,029850746268656716;f;g;0;0,05552;-
b;0,06079365079365077;0,35714285714285715;u;g;w;h;0,005789473684210527;f;t;0,014925373134328358;f;g;0,06;1E-05;-
b;0,25;0,020714285714285713;u;g;w;v;0,010175438596491228;f;t;0,014925373134328358;f;g;0,17;0,02803;-
b;0,0806349206349206;0,01482142857142857;y;p;c;v;0,005789473684210527;f;t;0,014925373134328358;f;g;0,1;1E-05;-
a;0,12698412698412698;0,0625;y;p;j;j;0;f;f;0;f;g;0,08;0;-
b;0,14682539682539683;0,026785714285714284;u;g;m;v;0,017543859649122806;f;f;0;t;s;0,16;0;-
a;0,07142857142857142;0,35714285714285715;u;g;w;v;0,03508771929824561;f;t;0,014925373134328358;f;g;0,06;1E-05;-
b;0,18523809523809526;0,019285714285714288;u;g;w;v;0,005789473684210527;f;t;0,014925373134328358;f;g;0,136;0,00444;-
b;0,3492063492063492;0,08625000000000001;u;g;w;v;0,0043859649122807015;f;t;0,029850746268656716;f;g;0,11;1E-05;-
a;0,03698412698412696;0,011964285714285715;u;g;ff;ff;0;f;t;0,014925373134328358;f;g;0,08;0,00126;-
a;0,28841269841269845;0,11160714285714286;u;g;ff;ff;0,10666666666666667;f;t;0,029850746268656716;t;g;0,1;4E-05;-
b;0,8796825396825397;0,32142857142857145;u;g;ff;ff;0,14035087719298245;f;t;0,014925373134328358;f;g;0,035;6E-05;-
b;0,3042857142857143;0,08928571428571429;u;g;aa;v;0,06140350877192982;f;t;0,029850746268656716;t;g;0,36;0;-
b;0,04095238095238093;0,09821428571428571;u;g;aa;v;0,023333333333333334;f;t;0,014925373134328358;f;g;0,04;0,00021;-
b;0,1336507936507937;0,4330357142857143;u;g;c;v;0,11701754385964912;f;t;0,029850746268656716;t;g;0,09;0,00173;-
a;0,6957142857142857;0,07142857142857142;u;g;ff;ff;0,22807017543859648;f;t;0,014925373134328358;f;g;0;0,0001;-
b;0,07142857142857142;0,005892857142857143;u;g;d;v;0,008771929824561403;f;f;0;t;s;0,14;0;-
b;0,1534920634920635;0,03571428571428571;u;g;c;v;0,017543859649122806;f;f;0;t;s;0,14;0;-
a;0,034444444444444444;0,10267857142857142;u;g;q;v;0,0029824561403508773;f;f;0;f;g;0,06;0;-
a;0,1746031746031746;0,48803571428571424;u;g;q;h;0,05263157894736842;f;f;0;f;g;0,14;1E-05;-
b;0,5555555555555556;0,9405357142857144;y;p;ff;ff;0;t;f;0;t;g;0;0;-
b;0,15476190476190477;0,09821428571428571;u;g;ff;ff;0,15789473684210525;f;f;0;f;g;0,08;0,00025;-
b;0,07666666666666663;0,3675;u;g;ff;ff;0,01456140350877193;f;f;0;f;g;0,04;0;-
b;0,2222222222222222;0,046071428571428576;u;g;k;h;0,008771929824561403;f;f;0;t;s;0,07;0;-
a;0,2857142857142857;0,10714285714285714;y;p;j;j;0;f;f;0;f;g;0,08;0,0002;-
a;0,17587301587301585;0,16071428571428573;u;g;w;v;0,03508771929824561;f;f;0;t;g;0,18;6E-05;-
b;0,08333333333333333;0,0625;y;p;c;v;0,0819298245614035;f;f;0;t;g;0,056;6E-05;-
a;0,04095238095238093;0,0075;u;g;aa;v;0,0043859649122807015;f;f;0;f;g;0,1;1E-05;-
a;0,07666666666666663;0,35714285714285715;u;g;d;v;0,01456140350877193;f;f;0;f;g;0,04;0,00042;-
b;0,03968253968253968;0;y;p;aa;v;0,008771929824561403;f;f;0;f;g;0,03;0;-
b;0,14682539682539683;0,026785714285714284;u;g;m;v;0,017543859649122806;t;f;0;t;s;0,16;0;-
b;0,1177777777777778;0,008928571428571428;y;p;c;h;0,008771929824561403;f;f;0;f;g;0,14;0,00204;-
b;0,05952380952380952;0,7857142857142857;l;gg;ff;o;0;f;f;0;t;p;0,225;1;+
b;0,08603174603174606;0;y;p;m;bb;0;f;f;0;t;s;0,25;1E-05;+
b;0,36507936507936506;0,004464285714285714;y;p;c;v;0,05263157894736842;f;f;0;t;g;0,116;0,00113;+
b;0,11904761904761904;0,05357142857142857;u;g;w;v;0,05263157894736842;f;f;0;f;g;0,075;8E-05;+
a;0,0687301587301587;0,013392857142857142;l;gg;cc;ff;0,3508771929824561;f;f;0;t;s;0,15;0;+
a;0,31619047619047624;0,013392857142857142;u;g;cc;v;0,013157894736842105;f;f;0;f;g;0,15;0,00044;+
b;0,5528571428571428;0,007321428571428571;y;p;k;v;0,008771929824561403;t;t;0,16417910447761194;f;g;0,19;0,02732;+
b;0,31619047619047624;0,044642857142857144;u;g;w;v;0,040877192982456144;f;f;0;f;g;0,06;0;-
a;0,25;0,03875;y;p;x;v;0,03508771929824561;f;f;0;f;g;0,14;0,00013;-
b;0,26063492063492066;0,03875;y;p;c;v;0,0014035087719298247;f;f;0;f;g;0,085;0,00179;-
b;0,33460317460317457;0,08928571428571429;y;p;w;v;0,10526315789473684;f;f;0;f;s;0,1;0;-
a;0,30952380952380953;0,08928571428571429;y;p;c;v;0,08771929824561403;f;f;0;t;g;0;2E-05;-
b;0,32269841269841265;0,08928571428571429;u;g;c;v;0,03508771929824561;f;f;0;f;g;0,23;0,00016;-
a;0,18253968253968253;0,44642857142857145;u;g;d;v;0,03508771929824561;f;f;0;t;g;0,09;0,01062;-
b;0,3333333333333333;0,08928571428571429;u;g;cc;bb;0,017543859649122806;f;f;0;f;g;0,174;0;-
b;0,22095238095238098;0,026785714285714284;u;g;q;h;0,005789473684210527;f;f;0;t;g;0,11;0,00251;-
b;0,5330158730158729;0,23214285714285715;u;g;c;v;0,03508771929824561;f;f;0;t;g;0;0,00228;-
a;0,33460317460317457;0,044642857142857144;y;p;i;h;0,017543859649122806;f;f;0;t;g;0,08;0;-
a;0,30952380952380953;0,10714285714285714;y;p;aa;v;0,07017543859649122;f;f;0;f;g;0,09;0;-
b;0,2261904761904762;0,10714285714285714;u;g;w;v;0,02631578947368421;f;f;0;t;g;0,15;0,00067;-
a;0,402063492063492;0,14285714285714285;u;g;c;v;0,10526315789473684;f;f;0;f;g;0,24;0;-
b;0,4603174603174603;0,14589285714285713;u;g;aa;v;0,0014035087719298247;f;f;0;f;g;0,054;0,001;-
b;0,20904761904761907;0,08035714285714286;u;g;i;bb;0,017543859649122806;f;f;0;t;g;0,32;0,04;-
b;0,31746031746031744;0,09821428571428571;u;g;i;bb;0;f;f;0;f;g;0,09;0;-
b;0,39952380952380956;0,0625;u;g;k;v;0,017543859649122806;f;f;0;t;g;0,15;2E-05;-
b;0,7777777777777778;0,25;u;g;e;z;0;f;f;0;f;g;0;0,00012;-
b;0,20634920634920634;0,16071428571428573;y;p;c;bb;0,08771929824561403;f;f;0;f;g;0,1;0,0121;-
b;0,786984126984127;0,019285714285714288;u;g;c;v;0,020526315789473684;t;t;0,04477611940298507;t;g;0,09;0;-
b;0,22349206349206346;0,05357142857142857;u;g;w;v;0,07894736842105263;f;t;0,014925373134328358;t;g;0,05;3E-05;-
a;0,19714285714285718;0,07142857142857142;u;g;j;j;0;f;f;0;t;g;0,138;1E-05;-
b;0,1336507936507937;0,02089285714285714;y;p;ff;ff;0;f;f;0;f;g;0,05;0;-
b;0,1388888888888889;0,4107142857142857;y;p;m;v;0,05263157894736842;f;f;0;t;g;0;0,04;-
b;0,2698412698412698;0,056607142857142856;u;g;d;v;0,020526315789473684;f;f;0;t;s;0;0;-
b;0,36380952380952386;0,07142857142857142;u;g;i;v;0,008771929824561403;f;f;0;t;g;0,1105;0;-
a;0,03571428571428571;0,005892857142857143;u;g;aa;v;0,03508771929824561;f;t;0,029850746268656716;t;g;0,16;1E-05;-
b;0,43523809523809526;0,047678571428571424;u;g;d;v;0,005789473684210527;f;f;0;f;g;0,084;0;-
a;0,09126984126984126;0,005892857142857143;u;g;q;v;0,0014035087719298247;f;f;0;t;g;0,19;0;-
b;0,29634920634920636;0,10714285714285714;u;g;d;v;0,005789473684210527;f;f;0;t;g;0,06;0;-
a;0,36507936507936506;0,1682142857142857;u;g;ff;ff;0;f;f;0;f;g;0,08;0;-
a;0,2619047619047619;0,19642857142857142;u;g;k;v;0,19298245614035087;f;f;0;t;s;0,05;0;-
b;0,14809523809523806;0,08928571428571429;u;g;ff;ff;0,0029824561403508773;f;f;0;t;g;0,05;0,04208;-
b;0,2076190476190476;0,019285714285714288;u;g;k;ff;0;f;f;0;f;g;0,05;0;-
b;0,050317460317460344;0,011964285714285715;y;p;k;v;0,010175438596491228;f;f;0;f;s;0,1;0;-
b;0,16936507936507939;0,07142857142857142;u;g;e;dd;0,005789473684210527;f;t;0,029850746268656716;f;g;0,16;0,013;-
b;0,46158730158730155;0,044642857142857144;u;g;m;v;0,4868421052631579;f;t;0,014925373134328358;t;g;0,176;0,00112;-
a;0,14285714285714285;0,22017857142857142;u;g;aa;v;0,005789473684210527;f;f;0;f;g;0,11;0,01;-
b;0,40746031746031747;0,06107142857142857;y;p;m;v;0,005789473684210527;f;f;0;f;s;0,2;0;-
a;0,156031746031746;0,4107142857142857;y;p;k;h;0,10526315789473684;f;f;0;t;g;0,01;0,00016;-
b;0,12174603174603177;0,026785714285714284;y;p;r;n;0,02631578947368421;f;f;0;t;g;0,066;2E-05;-
b;0,3055555555555556;0,08928571428571429;y;p;w;v;0,24561403508771928;f;f;0;t;g;0,14;0;-
b;0,19968253968253966;0,4642857142857143;u;g;e;dd;0;f;f;0;t;g;0,07;0,0111;-
a;0,49603174603174605;0,16375;u;g;k;h;0,03508771929824561;f;f;0;t;s;0,12;0;-
b;0,1984126984126984;0,055;u;g;w;v;0,0043859649122807015;f;f;0;f;g;0,05;0;-
a;0,11238095238095236;0,017857142857142856;y;p;e;dd;0,03508771929824561;f;f;0;f;g;0,13;0;-
b;0,23682539682539686;0,5178571428571429;u;g;d;v;0,0043859649122807015;f;f;0;f;g;0;0,00286;-
b;0,10984126984126986;0,02982142857142857;y;p;c;v;0,07017543859649122;f;f;0;t;s;0,12;0;-
b;0,3280952380952381;0,047678571428571424;u;g;i;bb;0,0043859649122807015;f;f;0;t;g;0,22;0,045;-
b;0,31476190476190474;0,008928571428571428;u;g;i;bb;0,14035087719298245;f;f;0;t;s;0,21;0;-
b;0,466984126984127;0,17857142857142858;u;g;i;bb;0,07894736842105263;f;f;0;t;g;0,0705;0;-
a;0,14158730158730162;0,25;u;g;c;v;0,005789473684210527;f;f;0;f;g;0,08;0;-
a;0,1679365079365079;0,08928571428571429;y;p;i;bb;0,15789473684210525;f;f;0;f;g;0,1;0,00456;-
a;0,6838095238095238;0,15178571428571427;y;p;ff;ff;0,17543859649122806;f;f;0;t;g;0;4E-05;-
b;0,13222222222222219;0,4092857142857143;u;g;k;v;0,055614035087719296;f;f;0;t;g;0,05;0,01212;-
b;0,32142857142857145;0,19642857142857142;y;p;c;v;0,05263157894736842;f;f;0;t;g;0,03;0;-
b;0,14015873015873012;0,05357142857142857;y;p;aa;v;0,018947368421052633;f;f;0;t;g;0,06;0,00067;-
b;0,1177777777777778;0;u;g;c;v;0,017543859649122806;f;f;0;t;s;0;0;-
b;0,2050793650793651;0,5208928571428572;u;g;i;bb;0;f;f;0;t;g;0,089;0;-
b;0,14555555555555558;0,006071428571428572;u;g;m;v;0,0029824561403508773;f;f;0;f;s;0;0;-
b;0,02253968253968254;0,25;u;g;e;v;0,03508771929824561;f;f;0;f;g;0,3;0;-
b;0,41539682539682543;0,17857142857142858;u;g;i;bb;0,007368421052631579;f;f;0;f;g;0,275;0;-
b;0,216984126984127;0,44642857142857145;u;g;aa;bb;0,008771929824561403;f;f;0;t;g;0,36;0;-
b;0,1746031746031746;0,019285714285714288;u;g;m;v;0,03508771929824561;f;f;0;t;g;0,06;1E-05;-
b;0,43523809523809526;0,044642857142857144;y;p;w;v;0,008771929824561403;f;f;0;f;g;0;0,00195;-
a;0,3068253968253968;0,05803571428571429;u;g;d;v;0,018947368421052633;f;f;0;t;g;0;0;-
b;0,2552380952380952;0,07285714285714286;y;p;x;h;0,0014035087719298247;f;f;0;f;g;0,064;1E-05;-
a;0,156031746031746;0,02089285714285714;y;p;ff;ff;0,0043859649122807015;f;f;0;f;g;0,06;0,00087;-
b;0,19714285714285718;0,44642857142857145;y;p;k;h;0,043859649122807015;f;f;0;t;g;0;0,00017;-
b;0,27380952380952384;0,07446428571428572;u;g;c;v;0,0029824561403508773;f;f;0;f;g;0,15;0;-
b;0,1111111111111111;0,18160714285714286;y;p;j;v;0,010175438596491228;f;f;0;f;g;0,07;0,00184;-
b;0,2407936507936508;0,013392857142857142;u;g;c;v;0,010175438596491228;f;f;0;f;g;0,11;0,0014;-
a;0,6058730158730159;0,23214285714285715;u;g;i;bb;0,10824561403508771;f;f;0;t;g;0,0365;0;-
a;0,14158730158730162;0,011964285714285715;u;g;q;v;0,02631578947368421;f;f;0;f;s;0,08;0;-
b;0,32142857142857145;0,18160714285714286;y;p;i;bb;0,03807017543859649;f;f;0;t;g;0,24;0;-
a;0,8849206349206349;0,21428571428571427;u;g;ff;ff;0;f;f;0;f;s;0;0;-
a;0,09253968253968252;0,02375;y;p;c;v;0,03508771929824561;f;t;0,014925373134328358;f;g;1;2E-05;-
b;0,03571428571428571;0,11160714285714286;u;g;w;v;0,0029824561403508773;f;t;0,014925373134328358;f;g;0;6E-05;-
b;0,05285714285714283;0,008928571428571428;u;g;q;v;0,011754385964912281;f;t;0,05970149253731343;f;g;0,08;8E-05;-
b;0,2777777777777778;0,10124999999999999;u;g;ff;ff;0;f;t;0,07462686567164178;f;g;0,088;0,00146;-
b;0,1812698412698413;0,10714285714285714;u;g;c;v;0,043859649122807015;f;t;0,014925373134328358;f;g;0;0,00022;-
a;0,14158730158730162;0,028214285714285716;u;g;i;v;0,0029824561403508773;f;f;0;f;g;0,072;0;-
b;0,42587301587301585;0,05357142857142857;u;g;i;bb;0;f;f;0;f;s;0,15;0;-
b;0,1349206349206349;0,016428571428571428;u;g;k;v;0,0043859649122807015;f;f;0;t;g;0,14;0,00055;-
a;0,1349206349206349;0,044642857142857144;y;p;ff;ff;0,11403508771929824;f;f;0;f;g;0,14;0;-
b;0,1388888888888889;0,004464285714285714;y;p;k;v;0,0043859649122807015;f;f;0;f;g;0,1;0,0007;-
b;0,156031746031746;0,06392857142857143;u;g;c;v;0,018947368421052633;f;f;0;t;g;0,068;1E-05;-
b;0,3915873015873016;0,02517857142857143;u;g;c;v;0,013157894736842105;f;t;0,029850746268656716;f;g;0,1125;0,005;-
a;0,2036507936507936;0,09071428571428572;y;p;ff;ff;0;f;f;0;t;g;0,09;0,0006;-
b;0,3373015873015873;0,08928571428571429;u;g;i;v;0,03508771929824561;f;f;0;t;g;0,105;0;-
b;0,1058730158730159;0,03875;u;g;q;v;0,05263157894736842;f;f;0;f;g;0,054;7E-05;-
b;0,24873015873015875;0,044642857142857144;u;g;w;v;0,06140350877192982;f;f;0;f;g;0,1;0;-
b;0,19714285714285718;0,02982142857142857;u;g;cc;v;0,040877192982456144;f;f;0;f;g;0,05;0;-
b;0,31619047619047624;0,07732142857142857;u;g;c;v;0,05263157894736842;f;f;0;f;p;0,06;0;-
b;0,17190476190476187;0,044642857142857144;u;g;c;v;0,008771929824561403;f;f;0;f;g;0,055;0;-
a;0,22095238095238098;0,07285714285714286;u;g;w;v;0,008771929824561403;f;f;0;t;g;0,09;0,0005;-
b;0,376984126984127;0,02982142857142857;u;g;e;v;0,0014035087719298247;f;f;0;f;g;0,06;5E-05;-
b;0,5622222222222223;0,08178571428571428;u;g;ff;ff;0,010175438596491228;f;f;0;f;g;0,1;3E-05;-
b;0,31476190476190474;0,011964285714285715;y;p;cc;v;0,0029824561403508773;f;f;0;f;g;0,09;0;-
b;0,6044444444444445;0,10714285714285714;y;p;ff;ff;0,05263157894736842;f;f;0;f;g;0,09;4E-05;-
b;0,14555555555555558;0,11303571428571428;y;p;c;v;0,005789473684210527;f;f;0;f;g;0,08;0,01058;-
b;0,12825396825396823;0,055;u;g;k;v;0,0029824561403508773;f;f;0;t;g;0,178;0;-
b;0,18253968253968253;0,03571428571428571;u;g;aa;v;0,017543859649122806;f;f;0;f;g;0,1;0;-
b;0,7115873015873015;0,09678571428571428;u;g;c;v;0,08473684210526317;f;f;0;t;g;0,16;0;-
b;0,08333333333333333;0;y;p;ff;ff;0;f;t;0,05970149253731343;f;g;0,0225;1E-05;-
b;0,09253968253968252;0,02089285714285714;u;g;ff;ff;0;f;t;0,04477611940298507;f;g;0,175;0,00769;-
a;0,6282539682539682;0,005892857142857143;u;g;ff;ff;0;f;f;0;t;s;0,031;0,00027;-
a;0,21301587301587305;0,044642857142857144;u;g;ff;ff;0;f;t;0,014925373134328358;f;g;0,046;0,003;-
b;0,1931746031746032;0,03125;u;g;k;v;0,013157894736842105;f;t;0,029850746268656716;t;g;0,087;3E-05;-
b;0,14809523809523806;0;u;g;k;v;0,03508771929824561;f;t;0,16417910447761194;f;s;0;0;-
b;0,41;0,17857142857142858;u;g;ff;ff;0;f;t;0,029850746268656716;f;g;0,0085;1E-05;-
b;0,2671428571428571;0,09678571428571428;y;p;m;v;0,0043859649122807015;f;f;0;t;s;0,04;0;-
b;0,05555555555555555;0,10714285714285714;u;g;k;v;0,0014035087719298247;f;f;0;t;g;0,08;0,0004;-
a;0,06222222222222225;0;y;p;j;ff;0;f;f;0;f;g;0,043;0;-
b;0,04365079365079365;0,004464285714285714;u;g;c;v;0,005789473684210527;f;f;0;f;g;0,066;0;-
a;0,21555555555555553;0,05946428571428571;u;g;ff;ff;0;f;f;0;f;g;0,17;1E-05;-
b;0,2777777777777778;0,04017857142857143;u;g;ff;ff;0;f;t;0,014925373134328358;f;g;0,048;0,00019;-
b;0,0992063492063492;0,25;u;g;c;v;0,017543859649122806;f;f;0;f;g;0;0;-
b;0,4087301587301587;0,05803571428571429;u;g;c;v;0,05263157894736842;f;f;0;f;g;0;0,00316;-
b;0,3611111111111111;0,15178571428571427;u;g;q;v;0,12280701754385964;f;f;0;f;g;0,227;0,0005;-
b;0,6138095238095238;0,05357142857142857;u;g;d;v;0,13157894736842105;f;f;0;t;g;0;0,0035;-
b;0,3558730158730159;0,6473214285714286;u;g;w;v;0,0029824561403508773;f;f;0;f;g;0,16;0,03552;-
b;0,2526984126984127;0,026785714285714284;y;p;c;v;0,0014035087719298247;f;f;0;f;g;0,12;0;-
b;0,3558730158730159;0,19642857142857142;u;g;i;bb;0,17543859649122806;f;f;0;f;g;0,105;0,00687;-
b;0,18920634920634924;0,010357142857142856;y;p;c;v;0,05263157894736842;f;f;0;t;g;0,08;0;-
a;0,17063492063492064;0,08625000000000001;y;p;c;v;0;f;f;0;f;g;0,06;0;-
b;0,16396825396825393;0,03125;u;g;m;v;0,0029824561403508773;f;t;0,05970149253731343;f;g;0,127;0,0195;-
b;0,1296825396825397;0,017857142857142856;u;g;c;v;0,0043859649122807015;f;f;0;f;g;0,18;0;-
a;0,36238095238095236;0,010357142857142856;u;g;ff;ff;0;f;t;0,14925373134328357;f;g;0,1;0,00018;-
a;0,14682539682539683;0,06553571428571428;u;g;j;j;0;f;t;0,014925373134328358;f;g;0,1;0,00053;-
a;0,2195238095238095;0,10714285714285714;u;g;m;v;0,09789473684210527;f;t;0,014925373134328358;t;g;0,14;0,0001;-
b;0,27507936507936503;0,11017857142857143;u;g;c;v;0,08771929824561403;f;t;0,029850746268656716;t;g;0,08;0,00041;-
a;0,2646031746031746;0,049107142857142856;u;g;w;h;0,0014035087719298247;f;t;0,04477611940298507;f;g;0;0,00033;-
b;0,13222222222222219;0,08339285714285714;u;g;k;v;0,02631578947368421;f;f;0;f;g;0,09;0;-
b;0,04095238095238093;0,14589285714285713;u;g;i;h;0,01456140350877193;f;f;0;t;g;0,06;0;-
a;0,1296825396825397;0,41660714285714284;u;g;k;h;0,0029824561403508773;f;f;0;f;g;0,16;5E-05;-
b;0,11634920634920633;0,14732142857142858;y;p;i;h;0,0014035087719298247;f;f;0;f;g;0,07;0,001;-
b;0,05825396825396828;0,23214285714285715;u;g;i;v;0,0043859649122807015;f;f;0;f;g;0,03;0,001;-
b;0,08603174603174606;0,14285714285714285;y;p;i;v;0,03508771929824561;f;f;0;t;g;0,18;0,01;-
b;0,10984126984126986;0,01482142857142857;u;g;c;v;0,0043859649122807015;f;f;0;f;g;0;0,00044;-
b;0,20634920634920634;0,07142857142857142;u;g;d;v;0,02631578947368421;f;f;0;t;g;0,04;0;-
b;0,156031746031746;0,02982142857142857;u;g;i;h;0,0029824561403508773;f;f;0;t;g;0,11;5E-05;-
b;0,4034920634920635;0,08928571428571429;y;p;i;h;0,3508771929824561;f;f;0;t;s;0,1;0;-
b;0,14285714285714285;0,4107142857142857;u;g;i;v;0,01456140350877193;f;f;0;f;g;0;0;-
a;0,050317460317460344;0,017857142857142856;u;g;i;v;0,005789473684210527;f;t;0,08955223880597014;t;g;0,12;0,00035;-
b;0,15476190476190477;0,11303571428571428;y;p;k;v;0,01456140350877193;f;t;0,014925373134328358;t;g;0,14;0,0008;-
a;0,0568253968253968;0,3392857142857143;u;g;aa;v;0,06140350877192982;f;t;0,14925373134328357;t;g;0;0,0001;-
b;0,15873015873015872;0,01482142857142857;y;p;c;v;0,0014035087719298247;f;t;0,029850746268656716;f;g;0,064;6E-05;-
b;0,3320634920634921;0,038571428571428576;u;g;m;v;0,040877192982456144;f;f;0;f;s;0,014;0;-
b;0,9695238095238095;0,6785714285714286;y;p;ff;ff;0,0014035087719298247;f;t;0,029850746268656716;f;g;0;0,00351;-
b;0,22888888888888892;0,004464285714285714;y;p;k;v;0,0029824561403508773;f;f;0;f;g;0,108;0,021;-
b;0,17063492063492064;0,47625;y;p;aa;v;0,0014035087719298247;f;f;0;t;g;0,06;0,00475;-
b;0,0806349206349206;0,12642857142857142;y;p;ff;ff;0;f;f;0;t;g;0,09;1E-05;-
a;0,5317460317460317;0,026785714285714284;u;g;q;h;0,09649122807017543;t;t;0,014925373134328358;f;g;0,1665;0,00892;+
b;0,16539682539682543;0,03125;u;g;q;v;0,16228070175438597;t;t;0,029850746268656716;t;g;0,26;0,02;+
b;0,40476190476190477;0,3392857142857143;u;g;m;v;0,22807017543859648;t;t;0,208955223880597;f;g;0,12;0,04607;+
a;0,10714285714285714;0,42267857142857146;u;g;c;h;0,21052631578947367;t;f;0;f;g;0,17;0;+
a;0,0806349206349206;0,15767857142857142;y;p;c;h;0,10526315789473684;t;f;0;f;g;0,12;0;+
b;0,08603174603174606;0,3392857142857143;u;g;w;v;0,05263157894736842;t;f;0;f;g;0,06;0,02206;+
a;0,17857142857142858;0,03125;u;g;x;h;0,03649122807017544;t;f;0;t;g;0,08;0,0586;+
b;0,10190476190476193;0,33035714285714285;u;g;c;v;0,05842105263157895;t;t;0,04477611940298507;t;g;0,02;0,00028;+
b;0,19047619047619047;0,017857142857142856;u;g;c;v;0,051228070175438595;t;t;0,07462686567164178;t;g;0,156;0;+
b;0,1058730158730159;0,25;u;g;c;v;0,05701754385964912;t;t;0,04477611940298507;f;g;0,1;0,01391;+
b;0,4007936507936508;0,17857142857142858;u;g;cc;v;0,12280701754385964;t;t;0,14925373134328357;t;g;0;0;+
a;0,7988888888888889;0,005892857142857143;u;g;ff;ff;0;t;t;0,014925373134328358;f;g;0,116;0,001;+
b;0,23015873015873015;0,18303571428571427;u;g;x;v;0,16666666666666666;t;t;0,029850746268656716;f;g;0,21;7E-05;+
a;0,23809523809523808;0,13392857142857142;u;g;c;v;0,03807017543859649;t;t;0,014925373134328358;t;g;0,1855;0;+
b;0,27904761904761904;0,6964285714285714;u;g;c;v;0,24561403508771928;t;t;0,23880597014925373;f;g;0;0,05;+
a;0,08206349206349209;0,32142857142857145;u;g;aa;v;0,02631578947368421;t;t;0,029850746268656716;f;g;0,044;0,00591;+
a;0,1746031746031746;0,10714285714285714;u;g;q;h;0,0643859649122807;t;t;0,2835820895522388;f;g;0;0,005;+
a;0,26857142857142857;0,42857142857142855;u;g;c;v;0,07017543859649122;t;t;0,014925373134328358;f;g;0,11;0,00019;+
b;0,11507936507936507;0,17107142857142857;y;p;w;v;0,07894736842105263;t;t;0,014925373134328358;t;g;0,04;0,003;+
b;0;0,14285714285714285;y;p;w;v;0,06140350877192982;t;t;0,029850746268656716;t;g;0,06;0,01;+
a;0,5119047619047619;0,14285714285714285;u;g;j;j;0;t;f;0;f;g;0,05;0,0096;+
a;0,4853968253968254;0;u;g;c;v;0,08771929824561403;t;f;0;f;g;0;0;+
b;0,10317460317460317;0,35571428571428576;u;g;e;dd;0;t;f;0;f;g;0;0;+
b;0,14158730158730162;0,09071428571428572;y;p;c;h;0,09070175438596491;t;f;0;f;g;0;0;+
a;0,7487301587301588;0,17857142857142858;u;g;aa;v;0,14035087719298245;t;t;0,05970149253731343;f;g;0;0,00099;+
b;0,03698412698412696;0,026785714285714284;u;g;c;v;0,06140350877192982;t;t;0,07462686567164178;t;g;0,176;0,0069;+
a;0,22888888888888892;0,013392857142857142;u;g;q;v;0,020526315789473684;t;t;0,05970149253731343;f;g;0,04;0;+
b;0,4034920634920635;0,06107142857142857;u;g;x;v;0,0043859649122807015;t;t;0,07462686567164178;t;g;0,24;0;+
a;0,25793650793650796;0,18892857142857142;u;g;e;dd;0,07894736842105263;t;t;0,07462686567164178;t;g;0,0495;0,005;+
b;0,1441269841269841;0,10714285714285714;u;g;m;v;0,045263157894736845;t;t;0,014925373134328358;f;g;0,13;0,008;+
a;0,1388888888888889;0,30357142857142855;u;g;q;v;0,06140350877192982;t;t;0,14925373134328357;f;g;0,04;0,0099;-
a;0,23539682539682538;0,05946428571428571;u;g;q;v;0,08473684210526317;t;f;0;t;g;0,22;0;-
b;0,49873015873015875;0,05357142857142857;u;g;c;v;0,08771929824561403;t;f;0;t;g;0,07;0;-
b;0,4417460317460317;0,0625;u;g;k;v;0,007368421052631579;t;f;0;f;g;0,08;0;-
a;0,6877777777777777;0,011964285714285715;u;g;i;bb;0,03508771929824561;t;f;0;t;g;0,126;0,02197;-
a;0,6666666666666666;0,25285714285714284;u;g;k;h;0,23684210526315788;t;t;0,04477611940298507;t;g;0,05;0,0005;-
b;0,46825396825396826;0,9003571428571429;u;g;q;h;0,007368421052631579;t;t;0,014925373134328358;f;g;0,38;0,0009;-
a;0,18380952380952378;0,07446428571428572;u;g;c;h;0,09649122807017543;t;f;0;t;g;0,18;1E-05;-
a;0,17190476190476187;0,02392857142857143;u;g;aa;h;0,06140350877192982;t;f;0;f;g;0,2;0;-
b;0,466984126984127;0,08035714285714286;u;g;i;bb;0,02631578947368421;t;f;0;f;g;0,28;0;-
b;0,4312698412698413;0,02982142857142857;u;g;ff;ff;0;t;f;0;f;g;0,065;1E-05;-
b;0,28698412698412695;0,08928571428571429;u;g;aa;v;0,2631578947368421;t;f;0;t;g;0,2615;0;-
a;0,3201587301587302;0,056607142857142856;y;p;ff;ff;0;t;f;0;f;g;0,16;0;-
a;0,17730158730158732;0,044642857142857144;u;g;ff;ff;0;t;f;0;f;g;0,04;0;-
b;0,3412698412698413;0,11303571428571428;u;g;x;h;0,13157894736842105;t;f;0;t;g;0,34;0;-
b;0,3253968253968254;0,0625;u;g;w;bb;0,008771929824561403;t;f;0;t;g;0,0815;0;-
b;0,09000000000000002;0,05357142857142857;y;p;cc;v;0,07017543859649122;t;f;0;t;g;0,05;0,0002;-
b;0,4603174603174603;0,10714285714285714;u;g;i;bb;0,03508771929824561;t;f;0;f;g;0;0,002;-
b;0,09396825396825399;0,35714285714285715;y;p;k;h;0,029298245614035087;t;f;0;t;g;0,07;0;-
b;0,3584126984126984;0,13535714285714287;u;g;w;v;0,040877192982456144;t;f;0;t;g;0,1;0;-
b;0,25920634920634916;0,037142857142857144;y;p;i;bb;0,017543859649122806;t;t;0,14925373134328357;t;g;0,066;0,00028;-
b;0,48412698412698413;0,39285714285714285;y;p;d;v;0,05263157894736842;t;f;0;f;s;0;0;-
b;0,156031746031746;0,016428571428571428;y;p;w;v;0,09210526315789473;t;t;0,08955223880597014;t;g;0,104;0,00347;-
b;0,16142857142857145;0,05357142857142857;u;g;d;h;0,06578947368421052;t;t;0,08955223880597014;f;g;0,1;0,00327;+
b;0,3082539682539683;0,03571428571428571;u;g;x;v;0,02631578947368421;t;t;0,1044776119402985;t;g;0,17;0,04071;+
b;0,5488888888888889;0,42857142857142855;u;g;m;v;0,5614035087719298;t;f;0;f;s;0,055;0;+
b;1;0,7960714285714285;u;g;e;z;0,4473684210526316;t;t;0,014925373134328358;t;g;0;0,00109;+
b;0,5965079365079364;0,35714285714285715;u;g;i;bb;0;t;t;0,16417910447761194;f;g;0;0,01249;+
b;0,3333333333333333;0,5357142857142857;u;g;r;n;0,18859649122807018;t;t;0,13432835820895522;t;g;0;0,00134;+
b;0,3941269841269841;0,11910714285714286;u;g;w;v;0,14035087719298245;t;t;0,208955223880597;f;g;0,1915;0,01344;+
a;0,13761904761904764;0,4017857142857143;y;p;x;h;0,02631578947368421;t;t;0,05970149253731343;f;g;0;0,00321;+
b;0,4471428571428572;0,015;u;g;c;h;0,007368421052631579;t;t;0,08955223880597014;f;g;0,11;0,00948;+
b;0,25126984126984125;0,16071428571428573;u;g;w;v;0,2631578947368421;t;t;0,029850746268656716;t;g;0,165;0;+
a;0,2923809523809524;0,052142857142857144;u;g;w;v;0,03807017543859649;t;t;0,23880597014925373;f;g;0,06;0,02079;+
b;0,597936507936508;0,0014285714285714286;u;g;x;h;0,0014035087719298247;t;f;0;f;g;0;0,03;+
a;0,1441269841269841;0,08178571428571428;u;g;q;h;0,08035087719298245;t;t;0,1044776119402985;t;g;0,07;0,02384;+
a;0,17857142857142858;0,44035714285714284;u;g;cc;h;0,12280701754385964;t;t;0,08955223880597014;f;g;0,2;0,00458;+
b;0,20634920634920634;0,04017857142857143;u;g;x;h;0,043859649122807015;t;f;0;f;g;0;0,05298;+
b;0,15206349206349204;0,05357142857142857;u;g;c;h;0,04964912280701755;t;f;0;f;g;0,211;0,002;+
b;0,16936507936507939;0,4405357142857143;u;g;q;h;0,055614035087719296;t;f;0;t;g;0,06;0;+
b;0,45111111111111113;0,18;u;g;q;h;0,4473684210526316;t;f;0;t;g;0,046;0;+
a;0,11238095238095236;0,10714285714285714;u;g;aa;v;0,0014035087719298247;t;f;0;f;g;0,05;0;+
b;0,14809523809523806;0,4107142857142857;u;g;w;h;0,07456140350877193;t;t;0,16417910447761194;t;g;0,145;0,00284;+
a;0,1812698412698413;0,10267857142857142;u;g;x;h;0,03070175438596491;t;f;0;f;g;0,18;0;+
b;0,46555555555555556;0,013392857142857142;y;p;c;v;0,013157894736842105;t;t;0,11940298507462686;t;g;0,15;0,00162;+
a;0,3492063492063492;0,03267857142857143;u;g;aa;v;0,02631578947368421;t;t;0,05970149253731343;f;g;0;0,01583;+
b;0,7261904761904762;0,09821428571428571;u;g;w;v;0,06140350877192982;t;t;0,07462686567164178;t;g;0,03;0,00058;+
b;0,11507936507936507;0,10714285714285714;y;p;d;v;0,03807017543859649;t;t;0,11940298507462686;t;g;0,08;1E-05;+
b;0,1296825396825397;0,019285714285714288;y;p;x;v;0,0014035087719298247;t;t;0,014925373134328358;t;g;0,42;0,00059;+
a;0,8161904761904762;0,5;u;g;ff;ff;0;t;t;0,16417910447761194;t;g;0;0,014;+
a;0,10444444444444442;0,35714285714285715;u;g;c;h;0,03508771929824561;t;t;0,05970149253731343;f;g;0,025;0,01465;+
b;0,29365079365079366;0,005892857142857143;y;p;c;h;0,11403508771929824;t;t;0,014925373134328358;t;g;0,216;0,08;+
b;0,26063492063492066;0,017857142857142856;u;g;c;v;0,06140350877192982;t;t;0,16417910447761194;f;g;0,016;0,0054;+
b;0,1812698412698413;0,21428571428571427;u;g;c;v;0,03508771929824561;t;t;0,04477611940298507;f;g;0;0;+
b;0,4034920634920635;0,05803571428571429;u;g;c;v;0,05263157894736842;t;t;0,14925373134328357;f;g;0,093;0,047;+
b;0,402063492063492;0,21428571428571427;u;g;m;v;0,045263157894736845;t;t;0,07462686567164178;t;g;0,054;0,01097;+
b;0,28444444444444444;0,02964285714285714;u;g;x;v;0,04684210526315789;t;t;0,11940298507462686;t;g;0,1515;0,0329;+
b;0,43253968253968256;0,0014285714285714286;u;g;e;v;0,0014035087719298247;f;t;0,014925373134328358;f;s;0,28;0;+
b;0,5515873015873016;0,15178571428571427;u;g;m;v;0,0043859649122807015;t;f;0;t;g;0,1125;0;+
b;0,30031746031746037;0,32142857142857145;y;p;w;h;0,18421052631578946;t;f;0;t;g;0,077;0;+
a;0,22746031746031745;0,5357142857142857;y;p;e;z;0;t;f;0;f;g;0;0,13212;+
b;0,9471428571428572;0,6339285714285714;u;g;ff;ff;0;t;f;0;t;g;0;0;+
b;0,7988888888888889;0,7142857142857143;u;g;x;h;0,6140350877192983;t;t;0,13432835820895522;t;g;0;0,01;+
b;0,6004761904761905;0,5357142857142857;u;g;c;v;0,2982456140350877;t;t;0,13432835820895522;f;g;0;0;+
b;0,2050793650793651;0,0625;y;p;c;v;0,03508771929824561;t;t;0,07462686567164178;t;g;0,08;0,05777;+
b;0,18380952380952378;0,020714285714285713;u;g;c;v;0,010175438596491228;t;t;0,1044776119402985;t;g;0,048;0,05124;+
b;0,26063492063492066;0,23214285714285715;u;g;cc;v;0,10964912280701754;t;t;0,11940298507462686;f;g;0,165;0,012;+
b;0,21031746031746032;0,026785714285714284;u;g;c;h;0,14912280701754385;t;t;0,04477611940298507;t;g;0,156;0,0015;+
b;0,32412698412698415;0,1875;u;g;w;v;0,0029824561403508773;f;f;0;t;g;0,145;6E-05;+
b;0,3955555555555556;0,0075;u;g;k;v;0,0029824561403508773;t;f;0;t;g;0,14;0;+
b;0,19047619047619047;0,026785714285714284;u;g;c;bb;0,008771929824561403;t;f;0;f;g;0,1745;0,00023;+
a;0,5131746031746032;0,10714285714285714;u;g;c;v;0,08333333333333333;t;t;0,11940298507462686;t;g;0,198;0,04159;+
a;0,12301587301587301;0,21428571428571427;u;g;aa;v;0,08771929824561403;t;t;0,04477611940298507;f;g;0,04;0,00918;+
b;0,10714285714285714;0,08625000000000001;u;g;c;v;0,07017543859649122;t;t;0,16417910447761194;t;g;0,1;0,03;+
a;0,25;0,016428571428571428;u;g;k;v;0,018947368421052633;t;t;0,05970149253731343;f;g;0,19;0,005;+
b;0,2552380952380952;0,044642857142857144;y;p;k;v;0,008771929824561403;f;f;0;f;g;0,112;0;-
b;0,10047619047619046;0,008928571428571428;u;g;q;v;0,0043859649122807015;f;f;0;f;g;0,1;0;-
b;0,1534920634920635;0,02089285714285714;u;g;c;h;0,0029824561403508773;t;f;0;f;g;0,09;0;-
a;0,25126984126984125;0,0625;y;p;k;v;0,043859649122807015;f;f;0;t;g;0,14;0;-
b;0,03841269841269844;0,0014285714285714286;u;g;c;v;0,0014035087719298247;f;f;0;f;g;0;0;+
b;0,2949206349206349;0,125;u;g;k;v;0,017543859649122806;f;f;0;t;g;0,116;0;-
b;0,540952380952381;0,14875;u;g;x;bb;0,0029824561403508773;f;f;0;t;g;0,26;0;-
b;0,0992063492063492;0,044642857142857144;y;p;k;v;0,0043859649122807015;f;f;0;f;g;0,07;4E-05;-
b;0,2195238095238095;0,11607142857142858;y;p;q;h;0,17842105263157895;f;t;0,029850746268656716;t;g;0,1845;1E-05;-
b;0,13095238095238096;0,028214285714285716;u;g;w;v;0,010175438596491228;f;t;0,014925373134328358;f;g;0,21;0,00283;-
b;0,08857142857142855;0,38982142857142854;u;g;c;bb;0,020526315789473684;f;t;0,029850746268656716;t;g;0,1;7E-05;-
a;0,39015873015873015;0,15767857142857142;u;g;c;v;0,0043859649122807015;f;f;0;f;g;0,08;0;-
b;0,24873015873015875;0,044642857142857144;u;g;c;h;0,008771929824561403;f;t;0,029850746268656716;t;g;0,2;0,00108;-
b;0,14158730158730162;0,026785714285714284;u;g;i;v;0,055614035087719296;f;t;0,014925373134328358;t;g;0,2;9E-05;-
b;0,29365079365079366;0,5;y;p;ff;ff;0;f;t;0,029850746268656716;f;g;0,08;1E-05;-
b;0,25126984126984125;0,16964285714285715;u;g;m;v;0,07017543859649122;f;t;0,014925373134328358;t;g;0,23;0,00068;-
b;0,07412698412698415;0,3719642857142857;y;p;aa;v;0,0043859649122807015;t;f;0;f;g;0,06;0,00375;-
b;0,1336507936507937;0,08035714285714286;u;g;i;v;0,0043859649122807015;f;f;0;f;g;0,08;0,0001;-
b;0,14158730158730162;0,005892857142857143;u;g;c;j;0,07894736842105263;f;f;0;t;s;0;0;+
b;0,0806349206349206;0;u;g;q;v;0,023333333333333334;f;f;0;f;g;0,08;1E-05;-
b;0,12428571428571426;0,028214285714285716;y;p;cc;v;0,023333333333333334;f;f;0;f;g;0,08;0;-
b;0,15873015873015872;0,42857142857142855;u;g;c;v;0,0731578947368421;f;f;0;f;s;0,04;0;-
b;0,3544444444444444;0,09071428571428572;u;g;ff;ff;0;f;f;0;f;g;0;0,01;-
b;0,24603174603174602;0,4642857142857143;u;g;d;h;0,017543859649122806;f;f;0;f;g;0,114;0;-
a;0,09253968253968252;0,02375;u;g;w;v;0,05842105263157895;f;f;0;f;g;0,11;5E-05;-
a;0,14555555555555558;0,044642857142857144;u;g;q;v;0,008771929824561403;f;f;0;t;g;0,06;0,00809;-
a;0,21428571428571427;0,010357142857142856;u;g;m;h;0,0043859649122807015;f;t;0,014925373134328358;t;g;0,136;0,00108;-
a;0,3968253968253968;0,05357142857142857;u;g;ff;ff;0;f;f;0;f;g;0,038;0;-
b;0,29634920634920636;0,07732142857142857;y;p;k;ff;0;f;f;0;f;g;0,06;0;-
a;0,15873015873015872;0,025357142857142856;u;g;w;v;0,008771929824561403;f;t;0,014925373134328358;t;g;0,12;4E-05;-
b;0,07015873015873018;0,08785714285714286;u;g;c;n;0,03368421052631579;f;t;0,029850746268656716;t;g;0,08;0,00587;-
b;0,4312698412698413;0,017857142857142856;y;p;m;v;0,017543859649122806;f;f;0;t;g;0,065;0;-
b;0,09126984126984126;0,3423214285714286;u;g;aa;v;0,027719298245614036;f;f;0;f;g;0,04;0,0035;-
b;0,23539682539682538;0,12946428571428573;u;g;aa;v;0,008771929824561403;f;f;0;t;g;0,05;0;-
b;0,3465079365079365;0,026785714285714284;u;g;k;v;0,05263157894736842;f;f;0;t;g;0,1155;0;-
b;0,32412698412698415;0,09821428571428571;u;g;i;bb;0,08771929824561403;f;f;0;t;g;0,116;0,002;-
b;0,283015873015873;0,026785714285714284;y;p;aa;v;0,12280701754385964;f;f;0;t;g;0,16;0;-
a;0,6150793650793651;0,25;u;g;aa;h;0,10526315789473684;f;f;0;f;g;0;0;-
b;0,3558730158730159;0,015;y;p;w;v;0,010175438596491228;f;f;0;t;g;0,1545;2E-05;-
b;0,3742857142857143;0,09517857142857143;u;g;cc;v;0,005789473684210527;f;f;0;t;g;0;0,00501;-
a;0,11238095238095236;0,30357142857142855;u;g;c;v;0,005789473684210527;f;f;0;f;g;0;0,00351;-
b;0,16396825396825393;0,32142857142857145;u;g;aa;v;0,008771929824561403;f;f;0;t;g;0;0;-
b;0,18777777777777774;0,011964285714285715;u;g;k;h;0,12280701754385964;f;f;0;t;g;0,17;0;-
a;0,34;0,13392857142857142;u;g;ff;ff;0;f;t;0,08955223880597014;f;g;0;0,002;-
b;0,5449206349206349;0,13392857142857142;u;g;i;bb;0,03508771929824561;f;f;0;f;g;0,05;2E-05;-
a;0,03301587301587302;0,27232142857142855;u;g;q;v;0,0043859649122807015;f;t;0,014925373134328358;t;g;0;0,0016;-
a;0,1388888888888889;0,01482142857142857;u;g;i;v;0,011754385964912281;f;f;0;t;s;0,072;0;-
b;0,12301587301587301;0,4107142857142857;u;g;i;v;0,017543859649122806;t;f;0;t;g;0,05;0,00068;-
a;0,156031746031746;0,02964285714285714;u;g;q;v;0,01456140350877193;f;t;0,014925373134328358;t;g;0,1;0,00011;-
a;0,11634920634920633;0,17857142857142858;y;p;ff;ff;0;f;f;0;f;g;0;0;-
b;0,18920634920634924;0,11607142857142858;u;g;c;h;0,08035087719298245;f;t;0,014925373134328358;t;g;0,208;0,00021;-
a;0,39952380952380956;0,05946428571428571;u;g;aa;v;0,008771929824561403;f;f;0;f;g;0;0,0039;-
a;0,031746031746031744;0,013392857142857142;u;g;c;v;0,03508771929824561;f;f;0;f;g;0,06;0,00018;-
a;0,23539682539682538;0,13392857142857142;u;g;c;v;0,008771929824561403;f;t;0,014925373134328358;t;g;0,02;0,00154;-
b;0,1349206349206349;0,32142857142857145;u;g;aa;v;0,0029824561403508773;f;f;0;f;g;0;0;-
b;0,2552380952380952;0,125;u;g;c;v;0,005789473684210527;f;f;0;f;g;0,108;0;-
a;0,15476190476190477;0,05357142857142857;u;g;w;v;0,03070175438596491;f;f;0;t;g;0,08;0;-
b;0,2909523809523809;0,14285714285714285;y;p;cc;v;0,05263157894736842;f;f;0;t;g;0,06;0;-
b;0,27507936507936503;0,05357142857142857;y;p;w;v;0,0014035087719298247;f;f;0;f;s;0,08;0;-
b;0,28698412698412695;0,0014285714285714286;y;p;m;v;0,0014035087719298247;f;f;0;f;g;0;0;-
a;0,12698412698412698;0,41964285714285715;u;g;c;v;0,008771929824561403;f;f;0;t;g;0,09;0;-
a;0,06619047619047622;0,019285714285714288;u;g;c;v;0,06140350877192982;f;t;0,014925373134328358;t;g;0,04;5E-05;-
b;0,26317460317460317;0,017857142857142856;u;g;d;h;0,0029824561403508773;f;f;0;t;s;0,126;0;-
b;0,6044444444444445;0,07285714285714286;y;p;ff;ff;0,05263157894736842;f;f;0;f;g;0,06;1E-05;-
b;0,5304761904761905;0,20839285714285713;u;g;w;v;0,19298245614035087;f;f;0;f;g;0,2325;0,0015;-
b;0,19174603174603172;0,45839285714285716;u;g;cc;v;0,017543859649122806;f;f;0;f;g;0;2E-05;-
a;0,5793650793650794;0,02982142857142857;u;g;aa;v;0,017543859649122806;f;f;0;t;g;0,12;0,00117;-
a;0,3742857142857143;0,08928571428571429;u;g;i;h;0,007368421052631579;f;f;0;f;g;0,13;0,00246;-
a;0,4417460317460317;0,037142857142857144;u;g;aa;v;0,023333333333333334;f;f;0;f;g;0,12;0,00237;-
a;0,2671428571428571;0,3808928571428571;u;g;q;h;0,0029824561403508773;f;t;0,1791044776119403;t;g;0,0645;3E-05;-
b;0,09000000000000002;0,25892857142857145;u;g;m;v;0,0014035087719298247;f;t;0,014925373134328358;f;g;0,05;1E-05;-
a;0,06619047619047622;0,36464285714285716;u;g;ff;ff;0;f;f;0;f;g;0;0,0005;-
a;0,10047619047619046;0,044642857142857144;u;g;c;v;0;f;f;0;f;g;0;0;-
b;0,09126984126984126;0,010357142857142856;u;g;k;v;0,010175438596491228;f;f;0;f;g;0,14;0,00364;-
b;0,22349206349206346;0,03571428571428571;y;p;d;h;0,10526315789473684;f;f;0;f;g;0,088;0,00537;-
b;0,05285714285714283;0,11750000000000001;u;g;i;v;0,011754385964912281;f;f;0;t;g;0,07;2E-05;-
b;0,35984126984126985;0,026785714285714284;y;p;d;v;0,020526315789473684;f;f;0;f;g;0,12;3E-05;-
b;0,42587301587301585;0,11750000000000001;u;g;m;v;0,12280701754385964;f;f;0;t;s;0,2;0;-
b;0,11634920634920633;0,36017857142857146;y;p;e;h;0,043859649122807015;f;f;0;f;g;0,13;0;-
a;0,14158730158730162;0,026785714285714284;u;g;c;v;0,07017543859649122;f;t;0,029850746268656716;t;g;0,1;0,00394;-
a;0,18253968253968253;0,48214285714285715;y;p;ff;ff;0,07017543859649122;f;t;0,014925373134328358;t;g;0,1;1E-05;-
b;0,06619047619047622;0,007321428571428571;u;g;aa;v;0,0014035087719298247;f;f;0;f;g;0,14;0,0075;-
b;0,3373015873015873;0,12053571428571429;u;g;c;h;0,2908771929824561;f;f;0;t;g;0;0;-
